target,feature_group,family,model,preproc,n_features,mean_oof_pr,std_oof_pr,mean_oof_f1,std_oof_f1,mean_oof_f1_binary,mean_oof_roc,threshold,threshold_rule,official_test_pr,official_test_f1,official_test_f1_binary,official_test_accuracy,official_test_roc,config_key,config_json,mean_combo,min_mean_metric,std_sum,test_combo,min_test_metric,prediction_csv
Depression_label,stable_rho_gt_05__full_vader_hist,logreg_l2_liblinear,logreg_l2_liblinear_C0.02_bal,simple_005_995_maxabs,82,0.37952748474449327,0.012315149982832237,0.6279188613988079,0.008158711027114152,0.42748990251159524,0.7202400960384153,0.5320324848487864,macro_f1 on repeated_oof_avg (5x10),0.7290024732412276,0.7888386123680242,0.7058823529411765,0.8214285714285714,0.7873303167420815,2fbd4f558a75ea73f3ba51cbb49bb8bd74bd9909,"{""feature_columns"": [""first_order_sentence_tangeniality_mean"", ""first_order_sentence_tangeniality_var"", ""first_person_percentage"", ""first_person_sentiment_negative"", ""first_person_sentiment_negative_vader"", ""first_person_sentiment_overall"", ""first_person_sentiment_overall_vader"", ""first_person_sentiment_positive"", ""first_person_sentiment_positive_vader"", ""mattr_10"", ""mattr_100"", ""mattr_25"", ""mattr_5"", ""mattr_50"", ""mean_pause_variability"", ""mean_phrases_per_turn"", ""mean_pre_turn_pause"", ""mean_pre_word_pause"", ""mean_turn_length_minutes"", ""mean_turn_length_words"", ""num_interrupts"", ""num_one_word_phrases"", ""num_one_word_turns"", ""num_phrases"", ""num_turns"", ""participant_utterance_count"", ""phrase_repeat_percentage"", ""prop_function_words"", ""prop_verb_past"", ""second_order_sentence_tangeniality_mean"", ""second_order_sentence_tangeniality_var"", ""semantic_perplexity_mean"", ""semantic_perplexity_var"", ""sentiment_neg"", ""sentiment_neu"", ""sentiment_overall"", ""sentiment_pos"", ""sentiment_vader_neg"", ""sentiment_vader_neu"", ""sentiment_vader_overall"", ""sentiment_vader_pos"", ""speaker_percentage"", ""speech_length_minutes"", ""speech_length_words"", ""speech_percentage"", ""syllables_per_min"", ""turn_to_previous_speaker_turn_similarity_mean"", ""turn_to_previous_speaker_turn_similarity_slope"", ""turn_to_previous_speaker_turn_similarity_var"", ""turn_to_turn_tangeniality_mean"", ""turn_to_turn_tangeniality_slope"", ""turn_to_turn_tangeniality_var"", ""vader_hist_bin_01"", ""vader_hist_bin_02"", ""vader_hist_bin_03"", ""vader_hist_bin_04"", ""vader_hist_bin_05"", ""vader_hist_bin_06"", ""vader_hist_bin_07"", ""vader_hist_bin_08"", ""vader_hist_bin_09"", ""vader_hist_bin_10"", ""vader_hist_bin_11"", ""vader_hist_bin_12"", ""vader_hist_bin_13"", ""vader_hist_bin_14"", ""vader_hist_bin_15"", ""vader_hist_bin_16"", ""vader_hist_bin_17"", ""vader_hist_bin_18"", ""vader_hist_bin_19"", ""vader_hist_bin_20"", ""vader_hist_bin_21"", ""vader_hist_bin_22"", ""vader_hist_bin_23"", ""vader_hist_entropy"", ""vader_neg_tail_mass"", ""vader_neutral_mass"", ""vader_pos_tail_mass"", ""word_coherence_mean"", ""word_repeat_percentage"", ""words_per_min""], ""feature_group"": ""stable_rho_gt_05__full_vader_hist"", ""model"": {""family"": ""logreg_l2_liblinear"", ""kind"": ""logreg"", ""name"": ""logreg_l2_liblinear_C0.02_bal"", ""params"": {""C"": 0.02, ""class_weight"": ""balanced"", ""max_iter"": 12000, ""penalty"": ""l2"", ""solver"": ""liblinear""}}, ""preproc"": {""add_missing_indicators"": false, ""clip_high"": 0.995, ""clip_low"": 0.005, ""family"": ""simple"", ""log_perplexity"": true, ""name"": ""simple_005_995_maxabs"", ""scaler"": ""maxabs""}, ""script_version"": ""3_4_2026_expanded_stable05_full_vader_model_family_sweep_v1"", ""target"": ""Depression_label""}",0.5037231730716506,0.37952748474449327,0.020473861009946387,0.758920542804626,0.7290024732412276,/Users/poluidol/Documents/work/airest/airest_perp_research/data_analysis/tmp/model_search_3_4_2026_expanded_stable05_full_vader_model_family_sweep/predictions/pred_Depression_label_2fbd4f558a75ea73f3ba51cbb49bb8bd74bd9909.csv
Depression_label,stable_rho_gt_05__full_vader_hist,logreg_l1_liblinear,logreg_l1_liblinear_C0.1_cwpos2.2,simple_005_995_maxabs,82,0.3343223663937145,0.01853672968814716,0.6248910455070698,0.013030662985162962,0.46526072147944963,0.6786194477791117,0.4381701309587622,macro_f1 on repeated_oof_avg (5x10),0.7248886509451187,0.7543859649122807,0.6666666666666667,0.7857142857142857,0.7918552036199095,e7a80e81218906df438df3bb96ea43011d2a9cd6,"{""feature_columns"": [""first_order_sentence_tangeniality_mean"", ""first_order_sentence_tangeniality_var"", ""first_person_percentage"", ""first_person_sentiment_negative"", ""first_person_sentiment_negative_vader"", ""first_person_sentiment_overall"", ""first_person_sentiment_overall_vader"", ""first_person_sentiment_positive"", ""first_person_sentiment_positive_vader"", ""mattr_10"", ""mattr_100"", ""mattr_25"", ""mattr_5"", ""mattr_50"", ""mean_pause_variability"", ""mean_phrases_per_turn"", ""mean_pre_turn_pause"", ""mean_pre_word_pause"", ""mean_turn_length_minutes"", ""mean_turn_length_words"", ""num_interrupts"", ""num_one_word_phrases"", ""num_one_word_turns"", ""num_phrases"", ""num_turns"", ""participant_utterance_count"", ""phrase_repeat_percentage"", ""prop_function_words"", ""prop_verb_past"", ""second_order_sentence_tangeniality_mean"", ""second_order_sentence_tangeniality_var"", ""semantic_perplexity_mean"", ""semantic_perplexity_var"", ""sentiment_neg"", ""sentiment_neu"", ""sentiment_overall"", ""sentiment_pos"", ""sentiment_vader_neg"", ""sentiment_vader_neu"", ""sentiment_vader_overall"", ""sentiment_vader_pos"", ""speaker_percentage"", ""speech_length_minutes"", ""speech_length_words"", ""speech_percentage"", ""syllables_per_min"", ""turn_to_previous_speaker_turn_similarity_mean"", ""turn_to_previous_speaker_turn_similarity_slope"", ""turn_to_previous_speaker_turn_similarity_var"", ""turn_to_turn_tangeniality_mean"", ""turn_to_turn_tangeniality_slope"", ""turn_to_turn_tangeniality_var"", ""vader_hist_bin_01"", ""vader_hist_bin_02"", ""vader_hist_bin_03"", ""vader_hist_bin_04"", ""vader_hist_bin_05"", ""vader_hist_bin_06"", ""vader_hist_bin_07"", ""vader_hist_bin_08"", ""vader_hist_bin_09"", ""vader_hist_bin_10"", ""vader_hist_bin_11"", ""vader_hist_bin_12"", ""vader_hist_bin_13"", ""vader_hist_bin_14"", ""vader_hist_bin_15"", ""vader_hist_bin_16"", ""vader_hist_bin_17"", ""vader_hist_bin_18"", ""vader_hist_bin_19"", ""vader_hist_bin_20"", ""vader_hist_bin_21"", ""vader_hist_bin_22"", ""vader_hist_bin_23"", ""vader_hist_entropy"", ""vader_neg_tail_mass"", ""vader_neutral_mass"", ""vader_pos_tail_mass"", ""word_coherence_mean"", ""word_repeat_percentage"", ""words_per_min""], ""feature_group"": ""stable_rho_gt_05__full_vader_hist"", ""model"": {""family"": ""logreg_l1_liblinear"", ""kind"": ""logreg"", ""name"": ""logreg_l1_liblinear_C0.1_cwpos2.2"", ""params"": {""C"": 0.1, ""class_weight"": {""0"": 1.0, ""1"": 2.2}, ""max_iter"": 12000, ""penalty"": ""l1"", ""solver"": ""liblinear""}}, ""preproc"": {""add_missing_indicators"": false, ""clip_high"": 0.995, ""clip_low"": 0.005, ""family"": ""simple"", ""log_perplexity"": true, ""name"": ""simple_005_995_maxabs"", ""scaler"": ""maxabs""}, ""script_version"": ""3_4_2026_expanded_stable05_full_vader_model_family_sweep_v1"", ""target"": ""Depression_label""}",0.4796067059503921,0.3343223663937145,0.03156739267331012,0.7396373079286997,0.7248886509451187,/Users/poluidol/Documents/work/airest/airest_perp_research/data_analysis/tmp/model_search_3_4_2026_expanded_stable05_full_vader_model_family_sweep/predictions/pred_Depression_label_e7a80e81218906df438df3bb96ea43011d2a9cd6.csv
Depression_label,stable_rho_gt_05__full_vader_hist,svc_linear,svc_linear_C0.01_bal,simple_005_995_standard,82,0.3032493027489982,0.013981891633062798,0.5811974575936201,0.01754946395310663,0.37692757700648566,0.634249699879952,0.30127796872940255,macro_f1 on repeated_oof_avg (5x10),0.6897646973208961,0.7637130801687764,0.6666666666666667,0.8035714285714286,0.7767722473604827,fe57457c46bbfd6ebfd3958fa5ba5e26cc453b83,"{""feature_columns"": [""first_order_sentence_tangeniality_mean"", ""first_order_sentence_tangeniality_var"", ""first_person_percentage"", ""first_person_sentiment_negative"", ""first_person_sentiment_negative_vader"", ""first_person_sentiment_overall"", ""first_person_sentiment_overall_vader"", ""first_person_sentiment_positive"", ""first_person_sentiment_positive_vader"", ""mattr_10"", ""mattr_100"", ""mattr_25"", ""mattr_5"", ""mattr_50"", ""mean_pause_variability"", ""mean_phrases_per_turn"", ""mean_pre_turn_pause"", ""mean_pre_word_pause"", ""mean_turn_length_minutes"", ""mean_turn_length_words"", ""num_interrupts"", ""num_one_word_phrases"", ""num_one_word_turns"", ""num_phrases"", ""num_turns"", ""participant_utterance_count"", ""phrase_repeat_percentage"", ""prop_function_words"", ""prop_verb_past"", ""second_order_sentence_tangeniality_mean"", ""second_order_sentence_tangeniality_var"", ""semantic_perplexity_mean"", ""semantic_perplexity_var"", ""sentiment_neg"", ""sentiment_neu"", ""sentiment_overall"", ""sentiment_pos"", ""sentiment_vader_neg"", ""sentiment_vader_neu"", ""sentiment_vader_overall"", ""sentiment_vader_pos"", ""speaker_percentage"", ""speech_length_minutes"", ""speech_length_words"", ""speech_percentage"", ""syllables_per_min"", ""turn_to_previous_speaker_turn_similarity_mean"", ""turn_to_previous_speaker_turn_similarity_slope"", ""turn_to_previous_speaker_turn_similarity_var"", ""turn_to_turn_tangeniality_mean"", ""turn_to_turn_tangeniality_slope"", ""turn_to_turn_tangeniality_var"", ""vader_hist_bin_01"", ""vader_hist_bin_02"", ""vader_hist_bin_03"", ""vader_hist_bin_04"", ""vader_hist_bin_05"", ""vader_hist_bin_06"", ""vader_hist_bin_07"", ""vader_hist_bin_08"", ""vader_hist_bin_09"", ""vader_hist_bin_10"", ""vader_hist_bin_11"", ""vader_hist_bin_12"", ""vader_hist_bin_13"", ""vader_hist_bin_14"", ""vader_hist_bin_15"", ""vader_hist_bin_16"", ""vader_hist_bin_17"", ""vader_hist_bin_18"", ""vader_hist_bin_19"", ""vader_hist_bin_20"", ""vader_hist_bin_21"", ""vader_hist_bin_22"", ""vader_hist_bin_23"", ""vader_hist_entropy"", ""vader_neg_tail_mass"", ""vader_neutral_mass"", ""vader_pos_tail_mass"", ""word_coherence_mean"", ""word_repeat_percentage"", ""words_per_min""], ""feature_group"": ""stable_rho_gt_05__full_vader_hist"", ""model"": {""family"": ""svc_linear"", ""kind"": ""svc_linear"", ""name"": ""svc_linear_C0.01_bal"", ""params"": {""C"": 0.01, ""class_weight"": ""balanced"", ""kernel"": ""linear"", ""probability"": true}}, ""preproc"": {""add_missing_indicators"": false, ""clip_high"": 0.995, ""clip_low"": 0.005, ""family"": ""simple"", ""log_perplexity"": true, ""name"": ""simple_005_995_standard"", ""scaler"": ""standard""}, ""script_version"": ""3_4_2026_expanded_stable05_full_vader_model_family_sweep_v1"", ""target"": ""Depression_label""}",0.44222338017130913,0.3032493027489982,0.03153135558616943,0.7267388887448363,0.6897646973208961,/Users/poluidol/Documents/work/airest/airest_perp_research/data_analysis/tmp/model_search_3_4_2026_expanded_stable05_full_vader_model_family_sweep/predictions/pred_Depression_label_fe57457c46bbfd6ebfd3958fa5ba5e26cc453b83.csv
Depression_label,stable_rho_gt_05__full_vader_hist,logreg_elasticnet_saga,logreg_elasticnet_C0.1_l1r0.85_cwpos1.8,simple_005_995_maxabs,82,0.3425444712472593,0.014953900952846998,0.6306241242062445,0.012739033421421186,0.4727749949116222,0.6904561824729891,0.34841603650868186,macro_f1 on repeated_oof_avg (5x10),0.6810179447679109,0.7610241820768137,0.6842105263157895,0.7857142857142857,0.7812971342383106,c17654ca69befa92cde273251ae323bd8ab242ef,"{""feature_columns"": [""first_order_sentence_tangeniality_mean"", ""first_order_sentence_tangeniality_var"", ""first_person_percentage"", ""first_person_sentiment_negative"", ""first_person_sentiment_negative_vader"", ""first_person_sentiment_overall"", ""first_person_sentiment_overall_vader"", ""first_person_sentiment_positive"", ""first_person_sentiment_positive_vader"", ""mattr_10"", ""mattr_100"", ""mattr_25"", ""mattr_5"", ""mattr_50"", ""mean_pause_variability"", ""mean_phrases_per_turn"", ""mean_pre_turn_pause"", ""mean_pre_word_pause"", ""mean_turn_length_minutes"", ""mean_turn_length_words"", ""num_interrupts"", ""num_one_word_phrases"", ""num_one_word_turns"", ""num_phrases"", ""num_turns"", ""participant_utterance_count"", ""phrase_repeat_percentage"", ""prop_function_words"", ""prop_verb_past"", ""second_order_sentence_tangeniality_mean"", ""second_order_sentence_tangeniality_var"", ""semantic_perplexity_mean"", ""semantic_perplexity_var"", ""sentiment_neg"", ""sentiment_neu"", ""sentiment_overall"", ""sentiment_pos"", ""sentiment_vader_neg"", ""sentiment_vader_neu"", ""sentiment_vader_overall"", ""sentiment_vader_pos"", ""speaker_percentage"", ""speech_length_minutes"", ""speech_length_words"", ""speech_percentage"", ""syllables_per_min"", ""turn_to_previous_speaker_turn_similarity_mean"", ""turn_to_previous_speaker_turn_similarity_slope"", ""turn_to_previous_speaker_turn_similarity_var"", ""turn_to_turn_tangeniality_mean"", ""turn_to_turn_tangeniality_slope"", ""turn_to_turn_tangeniality_var"", ""vader_hist_bin_01"", ""vader_hist_bin_02"", ""vader_hist_bin_03"", ""vader_hist_bin_04"", ""vader_hist_bin_05"", ""vader_hist_bin_06"", ""vader_hist_bin_07"", ""vader_hist_bin_08"", ""vader_hist_bin_09"", ""vader_hist_bin_10"", ""vader_hist_bin_11"", ""vader_hist_bin_12"", ""vader_hist_bin_13"", ""vader_hist_bin_14"", ""vader_hist_bin_15"", ""vader_hist_bin_16"", ""vader_hist_bin_17"", ""vader_hist_bin_18"", ""vader_hist_bin_19"", ""vader_hist_bin_20"", ""vader_hist_bin_21"", ""vader_hist_bin_22"", ""vader_hist_bin_23"", ""vader_hist_entropy"", ""vader_neg_tail_mass"", ""vader_neutral_mass"", ""vader_pos_tail_mass"", ""word_coherence_mean"", ""word_repeat_percentage"", ""words_per_min""], ""feature_group"": ""stable_rho_gt_05__full_vader_hist"", ""model"": {""family"": ""logreg_elasticnet_saga"", ""kind"": ""logreg"", ""name"": ""logreg_elasticnet_C0.1_l1r0.85_cwpos1.8"", ""params"": {""C"": 0.1, ""class_weight"": {""0"": 1.0, ""1"": 1.8}, ""l1_ratio"": 0.85, ""max_iter"": 12000, ""penalty"": ""elasticnet"", ""solver"": ""saga""}}, ""preproc"": {""add_missing_indicators"": false, ""clip_high"": 0.995, ""clip_low"": 0.005, ""family"": ""simple"", ""log_perplexity"": true, ""name"": ""simple_005_995_maxabs"", ""scaler"": ""maxabs""}, ""script_version"": ""3_4_2026_expanded_stable05_full_vader_model_family_sweep_v1"", ""target"": ""Depression_label""}",0.4865842977267519,0.3425444712472593,0.027692934374268185,0.7210210634223623,0.6810179447679109,/Users/poluidol/Documents/work/airest/airest_perp_research/data_analysis/tmp/model_search_3_4_2026_expanded_stable05_full_vader_model_family_sweep/predictions/pred_Depression_label_c17654ca69befa92cde273251ae323bd8ab242ef.csv
Depression_label,stable_rho_gt_05__full_vader_hist,logreg_l2_lbfgs,logreg_l2_lbfgs_C0.01_bal,simple_005_995_standard,82,0.33869570358116896,0.010533106145733044,0.6013445271503677,0.01707228819608921,0.37529757819493026,0.6761104441776711,0.5883368730370475,macro_f1 on repeated_oof_avg (5x10),0.7025942310388398,0.7375,0.625,0.7857142857142857,0.7647058823529412,46974bb1ebf7da2390ad6ef299e214b6e18a1a0c,"{""feature_columns"": [""first_order_sentence_tangeniality_mean"", ""first_order_sentence_tangeniality_var"", ""first_person_percentage"", ""first_person_sentiment_negative"", ""first_person_sentiment_negative_vader"", ""first_person_sentiment_overall"", ""first_person_sentiment_overall_vader"", ""first_person_sentiment_positive"", ""first_person_sentiment_positive_vader"", ""mattr_10"", ""mattr_100"", ""mattr_25"", ""mattr_5"", ""mattr_50"", ""mean_pause_variability"", ""mean_phrases_per_turn"", ""mean_pre_turn_pause"", ""mean_pre_word_pause"", ""mean_turn_length_minutes"", ""mean_turn_length_words"", ""num_interrupts"", ""num_one_word_phrases"", ""num_one_word_turns"", ""num_phrases"", ""num_turns"", ""participant_utterance_count"", ""phrase_repeat_percentage"", ""prop_function_words"", ""prop_verb_past"", ""second_order_sentence_tangeniality_mean"", ""second_order_sentence_tangeniality_var"", ""semantic_perplexity_mean"", ""semantic_perplexity_var"", ""sentiment_neg"", ""sentiment_neu"", ""sentiment_overall"", ""sentiment_pos"", ""sentiment_vader_neg"", ""sentiment_vader_neu"", ""sentiment_vader_overall"", ""sentiment_vader_pos"", ""speaker_percentage"", ""speech_length_minutes"", ""speech_length_words"", ""speech_percentage"", ""syllables_per_min"", ""turn_to_previous_speaker_turn_similarity_mean"", ""turn_to_previous_speaker_turn_similarity_slope"", ""turn_to_previous_speaker_turn_similarity_var"", ""turn_to_turn_tangeniality_mean"", ""turn_to_turn_tangeniality_slope"", ""turn_to_turn_tangeniality_var"", ""vader_hist_bin_01"", ""vader_hist_bin_02"", ""vader_hist_bin_03"", ""vader_hist_bin_04"", ""vader_hist_bin_05"", ""vader_hist_bin_06"", ""vader_hist_bin_07"", ""vader_hist_bin_08"", ""vader_hist_bin_09"", ""vader_hist_bin_10"", ""vader_hist_bin_11"", ""vader_hist_bin_12"", ""vader_hist_bin_13"", ""vader_hist_bin_14"", ""vader_hist_bin_15"", ""vader_hist_bin_16"", ""vader_hist_bin_17"", ""vader_hist_bin_18"", ""vader_hist_bin_19"", ""vader_hist_bin_20"", ""vader_hist_bin_21"", ""vader_hist_bin_22"", ""vader_hist_bin_23"", ""vader_hist_entropy"", ""vader_neg_tail_mass"", ""vader_neutral_mass"", ""vader_pos_tail_mass"", ""word_coherence_mean"", ""word_repeat_percentage"", ""words_per_min""], ""feature_group"": ""stable_rho_gt_05__full_vader_hist"", ""model"": {""family"": ""logreg_l2_lbfgs"", ""kind"": ""logreg"", ""name"": ""logreg_l2_lbfgs_C0.01_bal"", ""params"": {""C"": 0.01, ""class_weight"": ""balanced"", ""max_iter"": 12000, ""penalty"": ""l2"", ""solver"": ""lbfgs""}}, ""preproc"": {""add_missing_indicators"": false, ""clip_high"": 0.995, ""clip_low"": 0.005, ""family"": ""simple"", ""log_perplexity"": true, ""name"": ""simple_005_995_standard"", ""scaler"": ""standard""}, ""script_version"": ""3_4_2026_expanded_stable05_full_vader_model_family_sweep_v1"", ""target"": ""Depression_label""}",0.4700201153657683,0.33869570358116896,0.027605394341822253,0.7200471155194199,0.7025942310388398,/Users/poluidol/Documents/work/airest/airest_perp_research/data_analysis/tmp/model_search_3_4_2026_expanded_stable05_full_vader_model_family_sweep/predictions/pred_Depression_label_46974bb1ebf7da2390ad6ef299e214b6e18a1a0c.csv
Depression_label,stable_rho_gt_05__full_vader_hist,lda,lda_lsqr_auto,simple_005_995_standard,82,0.2726429376282214,0.013592052876193994,0.559789232219712,0.018775576919133213,0.3311332989986203,0.5871068427370949,0.37654694659122945,macro_f1 on repeated_oof_avg (5x10),0.6762054123618885,0.7637130801687764,0.6666666666666667,0.8035714285714286,0.7631975867269984,21f9e9a3c25602f6d8aec9c1738a0ab04d1184cb,"{""feature_columns"": [""first_order_sentence_tangeniality_mean"", ""first_order_sentence_tangeniality_var"", ""first_person_percentage"", ""first_person_sentiment_negative"", ""first_person_sentiment_negative_vader"", ""first_person_sentiment_overall"", ""first_person_sentiment_overall_vader"", ""first_person_sentiment_positive"", ""first_person_sentiment_positive_vader"", ""mattr_10"", ""mattr_100"", ""mattr_25"", ""mattr_5"", ""mattr_50"", ""mean_pause_variability"", ""mean_phrases_per_turn"", ""mean_pre_turn_pause"", ""mean_pre_word_pause"", ""mean_turn_length_minutes"", ""mean_turn_length_words"", ""num_interrupts"", ""num_one_word_phrases"", ""num_one_word_turns"", ""num_phrases"", ""num_turns"", ""participant_utterance_count"", ""phrase_repeat_percentage"", ""prop_function_words"", ""prop_verb_past"", ""second_order_sentence_tangeniality_mean"", ""second_order_sentence_tangeniality_var"", ""semantic_perplexity_mean"", ""semantic_perplexity_var"", ""sentiment_neg"", ""sentiment_neu"", ""sentiment_overall"", ""sentiment_pos"", ""sentiment_vader_neg"", ""sentiment_vader_neu"", ""sentiment_vader_overall"", ""sentiment_vader_pos"", ""speaker_percentage"", ""speech_length_minutes"", ""speech_length_words"", ""speech_percentage"", ""syllables_per_min"", ""turn_to_previous_speaker_turn_similarity_mean"", ""turn_to_previous_speaker_turn_similarity_slope"", ""turn_to_previous_speaker_turn_similarity_var"", ""turn_to_turn_tangeniality_mean"", ""turn_to_turn_tangeniality_slope"", ""turn_to_turn_tangeniality_var"", ""vader_hist_bin_01"", ""vader_hist_bin_02"", ""vader_hist_bin_03"", ""vader_hist_bin_04"", ""vader_hist_bin_05"", ""vader_hist_bin_06"", ""vader_hist_bin_07"", ""vader_hist_bin_08"", ""vader_hist_bin_09"", ""vader_hist_bin_10"", ""vader_hist_bin_11"", ""vader_hist_bin_12"", ""vader_hist_bin_13"", ""vader_hist_bin_14"", ""vader_hist_bin_15"", ""vader_hist_bin_16"", ""vader_hist_bin_17"", ""vader_hist_bin_18"", ""vader_hist_bin_19"", ""vader_hist_bin_20"", ""vader_hist_bin_21"", ""vader_hist_bin_22"", ""vader_hist_bin_23"", ""vader_hist_entropy"", ""vader_neg_tail_mass"", ""vader_neutral_mass"", ""vader_pos_tail_mass"", ""word_coherence_mean"", ""word_repeat_percentage"", ""words_per_min""], ""feature_group"": ""stable_rho_gt_05__full_vader_hist"", ""model"": {""family"": ""lda"", ""kind"": ""lda"", ""name"": ""lda_lsqr_auto"", ""params"": {""shrinkage"": ""auto"", ""solver"": ""lsqr""}}, ""preproc"": {""add_missing_indicators"": false, ""clip_high"": 0.995, ""clip_low"": 0.005, ""family"": ""simple"", ""log_perplexity"": true, ""name"": ""simple_005_995_standard"", ""scaler"": ""standard""}, ""script_version"": ""3_4_2026_expanded_stable05_full_vader_model_family_sweep_v1"", ""target"": ""Depression_label""}",0.41621608492396667,0.2726429376282214,0.03236762979532721,0.7199592462653324,0.6762054123618885,/Users/poluidol/Documents/work/airest/airest_perp_research/data_analysis/tmp/model_search_3_4_2026_expanded_stable05_full_vader_model_family_sweep/predictions/pred_Depression_label_21f9e9a3c25602f6d8aec9c1738a0ab04d1184cb.csv
Depression_label,stable_rho_gt_05__full_vader_hist,xgboost,xgb_lr0.05_md2_spw3.47,simple_005_995_none,82,0.326421482562569,0.020004455767846704,0.6113956493196995,0.016323350910356024,0.41628407671575174,0.6662304921968788,0.4972542537450791,macro_f1 on repeated_oof_avg (5x10),0.6448210490234899,0.6510178645616951,0.4827586206896552,0.7321428571428571,0.7405731523378583,71b3a9b20d98f51834139a422c7a848aba2fcd0f,"{""feature_columns"": [""first_order_sentence_tangeniality_mean"", ""first_order_sentence_tangeniality_var"", ""first_person_percentage"", ""first_person_sentiment_negative"", ""first_person_sentiment_negative_vader"", ""first_person_sentiment_overall"", ""first_person_sentiment_overall_vader"", ""first_person_sentiment_positive"", ""first_person_sentiment_positive_vader"", ""mattr_10"", ""mattr_100"", ""mattr_25"", ""mattr_5"", ""mattr_50"", ""mean_pause_variability"", ""mean_phrases_per_turn"", ""mean_pre_turn_pause"", ""mean_pre_word_pause"", ""mean_turn_length_minutes"", ""mean_turn_length_words"", ""num_interrupts"", ""num_one_word_phrases"", ""num_one_word_turns"", ""num_phrases"", ""num_turns"", ""participant_utterance_count"", ""phrase_repeat_percentage"", ""prop_function_words"", ""prop_verb_past"", ""second_order_sentence_tangeniality_mean"", ""second_order_sentence_tangeniality_var"", ""semantic_perplexity_mean"", ""semantic_perplexity_var"", ""sentiment_neg"", ""sentiment_neu"", ""sentiment_overall"", ""sentiment_pos"", ""sentiment_vader_neg"", ""sentiment_vader_neu"", ""sentiment_vader_overall"", ""sentiment_vader_pos"", ""speaker_percentage"", ""speech_length_minutes"", ""speech_length_words"", ""speech_percentage"", ""syllables_per_min"", ""turn_to_previous_speaker_turn_similarity_mean"", ""turn_to_previous_speaker_turn_similarity_slope"", ""turn_to_previous_speaker_turn_similarity_var"", ""turn_to_turn_tangeniality_mean"", ""turn_to_turn_tangeniality_slope"", ""turn_to_turn_tangeniality_var"", ""vader_hist_bin_01"", ""vader_hist_bin_02"", ""vader_hist_bin_03"", ""vader_hist_bin_04"", ""vader_hist_bin_05"", ""vader_hist_bin_06"", ""vader_hist_bin_07"", ""vader_hist_bin_08"", ""vader_hist_bin_09"", ""vader_hist_bin_10"", ""vader_hist_bin_11"", ""vader_hist_bin_12"", ""vader_hist_bin_13"", ""vader_hist_bin_14"", ""vader_hist_bin_15"", ""vader_hist_bin_16"", ""vader_hist_bin_17"", ""vader_hist_bin_18"", ""vader_hist_bin_19"", ""vader_hist_bin_20"", ""vader_hist_bin_21"", ""vader_hist_bin_22"", ""vader_hist_bin_23"", ""vader_hist_entropy"", ""vader_neg_tail_mass"", ""vader_neutral_mass"", ""vader_pos_tail_mass"", ""word_coherence_mean"", ""word_repeat_percentage"", ""words_per_min""], ""feature_group"": ""stable_rho_gt_05__full_vader_hist"", ""model"": {""family"": ""xgboost"", ""kind"": ""xgb"", ""name"": ""xgb_lr0.05_md2_spw3.47"", ""params"": {""colsample_bytree"": 0.8, ""eval_metric"": ""logloss"", ""learning_rate"": 0.05, ""max_depth"": 2, ""min_child_weight"": 1.0, ""n_estimators"": 300, ""objective"": ""binary:logistic"", ""reg_lambda"": 1.0, ""scale_pos_weight"": 3.4693877551020407, ""subsample"": 0.8}}, ""preproc"": {""add_missing_indicators"": false, ""clip_high"": 0.995, ""clip_low"": 0.005, ""family"": ""simple"", ""log_perplexity"": true, ""name"": ""simple_005_995_none"", ""scaler"": ""none""}, ""script_version"": ""3_4_2026_expanded_stable05_full_vader_model_family_sweep_v1"", ""target"": ""Depression_label""}",0.4689085659411342,0.326421482562569,0.03632780667820273,0.6479194567925926,0.6448210490234899,/Users/poluidol/Documents/work/airest/airest_perp_research/data_analysis/tmp/model_search_3_4_2026_expanded_stable05_full_vader_model_family_sweep/predictions/pred_Depression_label_71b3a9b20d98f51834139a422c7a848aba2fcd0f.csv
Depression_label,stable_rho_gt_05__full_vader_hist,random_forest,rf_md5_ml2_mf0.5_cwpos1.8,simple_005_995_none,82,0.36604818809024,0.032204325829251375,0.6270269383284555,0.021858122066518167,0.466824983583602,0.712593037214886,0.31266907868919575,macro_f1 on repeated_oof_avg (5x10),0.6131940556863157,0.6729646169701133,0.5853658536585366,0.6964285714285714,0.7601809954751132,a69298b4347fb0b9a5b368331465d50c3d94a369,"{""feature_columns"": [""first_order_sentence_tangeniality_mean"", ""first_order_sentence_tangeniality_var"", ""first_person_percentage"", ""first_person_sentiment_negative"", ""first_person_sentiment_negative_vader"", ""first_person_sentiment_overall"", ""first_person_sentiment_overall_vader"", ""first_person_sentiment_positive"", ""first_person_sentiment_positive_vader"", ""mattr_10"", ""mattr_100"", ""mattr_25"", ""mattr_5"", ""mattr_50"", ""mean_pause_variability"", ""mean_phrases_per_turn"", ""mean_pre_turn_pause"", ""mean_pre_word_pause"", ""mean_turn_length_minutes"", ""mean_turn_length_words"", ""num_interrupts"", ""num_one_word_phrases"", ""num_one_word_turns"", ""num_phrases"", ""num_turns"", ""participant_utterance_count"", ""phrase_repeat_percentage"", ""prop_function_words"", ""prop_verb_past"", ""second_order_sentence_tangeniality_mean"", ""second_order_sentence_tangeniality_var"", ""semantic_perplexity_mean"", ""semantic_perplexity_var"", ""sentiment_neg"", ""sentiment_neu"", ""sentiment_overall"", ""sentiment_pos"", ""sentiment_vader_neg"", ""sentiment_vader_neu"", ""sentiment_vader_overall"", ""sentiment_vader_pos"", ""speaker_percentage"", ""speech_length_minutes"", ""speech_length_words"", ""speech_percentage"", ""syllables_per_min"", ""turn_to_previous_speaker_turn_similarity_mean"", ""turn_to_previous_speaker_turn_similarity_slope"", ""turn_to_previous_speaker_turn_similarity_var"", ""turn_to_turn_tangeniality_mean"", ""turn_to_turn_tangeniality_slope"", ""turn_to_turn_tangeniality_var"", ""vader_hist_bin_01"", ""vader_hist_bin_02"", ""vader_hist_bin_03"", ""vader_hist_bin_04"", ""vader_hist_bin_05"", ""vader_hist_bin_06"", ""vader_hist_bin_07"", ""vader_hist_bin_08"", ""vader_hist_bin_09"", ""vader_hist_bin_10"", ""vader_hist_bin_11"", ""vader_hist_bin_12"", ""vader_hist_bin_13"", ""vader_hist_bin_14"", ""vader_hist_bin_15"", ""vader_hist_bin_16"", ""vader_hist_bin_17"", ""vader_hist_bin_18"", ""vader_hist_bin_19"", ""vader_hist_bin_20"", ""vader_hist_bin_21"", ""vader_hist_bin_22"", ""vader_hist_bin_23"", ""vader_hist_entropy"", ""vader_neg_tail_mass"", ""vader_neutral_mass"", ""vader_pos_tail_mass"", ""word_coherence_mean"", ""word_repeat_percentage"", ""words_per_min""], ""feature_group"": ""stable_rho_gt_05__full_vader_hist"", ""model"": {""family"": ""random_forest"", ""kind"": ""rf"", ""name"": ""rf_md5_ml2_mf0.5_cwpos1.8"", ""params"": {""class_weight"": {""0"": 1.0, ""1"": 1.8}, ""max_depth"": 5, ""max_features"": 0.5, ""min_samples_leaf"": 2, ""n_estimators"": 400}}, ""preproc"": {""add_missing_indicators"": false, ""clip_high"": 0.995, ""clip_low"": 0.005, ""family"": ""simple"", ""log_perplexity"": true, ""name"": ""simple_005_995_none"", ""scaler"": ""none""}, ""script_version"": ""3_4_2026_expanded_stable05_full_vader_model_family_sweep_v1"", ""target"": ""Depression_label""}",0.4965375632093477,0.36604818809024,0.05406244789576954,0.6430793363282146,0.6131940556863157,/Users/poluidol/Documents/work/airest/airest_perp_research/data_analysis/tmp/model_search_3_4_2026_expanded_stable05_full_vader_model_family_sweep/predictions/pred_Depression_label_a69298b4347fb0b9a5b368331465d50c3d94a369.csv
Depression_label,stable_rho_gt_05__full_vader_hist,extra_trees,et_md5_ml2_mf0.5_cwpos1.8,simple_005_995_none,82,0.3519519021826298,0.016172645912199527,0.6198100395787847,0.016916945100087136,0.46800264438990613,0.7065426170468188,0.3368209233644616,macro_f1 on repeated_oof_avg (5x10),0.647835353610657,0.625668449197861,0.5454545454545455,0.6428571428571429,0.746606334841629,0d9c068d3d468e2d72f3637e33ceec016c3852f6,"{""feature_columns"": [""first_order_sentence_tangeniality_mean"", ""first_order_sentence_tangeniality_var"", ""first_person_percentage"", ""first_person_sentiment_negative"", ""first_person_sentiment_negative_vader"", ""first_person_sentiment_overall"", ""first_person_sentiment_overall_vader"", ""first_person_sentiment_positive"", ""first_person_sentiment_positive_vader"", ""mattr_10"", ""mattr_100"", ""mattr_25"", ""mattr_5"", ""mattr_50"", ""mean_pause_variability"", ""mean_phrases_per_turn"", ""mean_pre_turn_pause"", ""mean_pre_word_pause"", ""mean_turn_length_minutes"", ""mean_turn_length_words"", ""num_interrupts"", ""num_one_word_phrases"", ""num_one_word_turns"", ""num_phrases"", ""num_turns"", ""participant_utterance_count"", ""phrase_repeat_percentage"", ""prop_function_words"", ""prop_verb_past"", ""second_order_sentence_tangeniality_mean"", ""second_order_sentence_tangeniality_var"", ""semantic_perplexity_mean"", ""semantic_perplexity_var"", ""sentiment_neg"", ""sentiment_neu"", ""sentiment_overall"", ""sentiment_pos"", ""sentiment_vader_neg"", ""sentiment_vader_neu"", ""sentiment_vader_overall"", ""sentiment_vader_pos"", ""speaker_percentage"", ""speech_length_minutes"", ""speech_length_words"", ""speech_percentage"", ""syllables_per_min"", ""turn_to_previous_speaker_turn_similarity_mean"", ""turn_to_previous_speaker_turn_similarity_slope"", ""turn_to_previous_speaker_turn_similarity_var"", ""turn_to_turn_tangeniality_mean"", ""turn_to_turn_tangeniality_slope"", ""turn_to_turn_tangeniality_var"", ""vader_hist_bin_01"", ""vader_hist_bin_02"", ""vader_hist_bin_03"", ""vader_hist_bin_04"", ""vader_hist_bin_05"", ""vader_hist_bin_06"", ""vader_hist_bin_07"", ""vader_hist_bin_08"", ""vader_hist_bin_09"", ""vader_hist_bin_10"", ""vader_hist_bin_11"", ""vader_hist_bin_12"", ""vader_hist_bin_13"", ""vader_hist_bin_14"", ""vader_hist_bin_15"", ""vader_hist_bin_16"", ""vader_hist_bin_17"", ""vader_hist_bin_18"", ""vader_hist_bin_19"", ""vader_hist_bin_20"", ""vader_hist_bin_21"", ""vader_hist_bin_22"", ""vader_hist_bin_23"", ""vader_hist_entropy"", ""vader_neg_tail_mass"", ""vader_neutral_mass"", ""vader_pos_tail_mass"", ""word_coherence_mean"", ""word_repeat_percentage"", ""words_per_min""], ""feature_group"": ""stable_rho_gt_05__full_vader_hist"", ""model"": {""family"": ""extra_trees"", ""kind"": ""et"", ""name"": ""et_md5_ml2_mf0.5_cwpos1.8"", ""params"": {""class_weight"": {""0"": 1.0, ""1"": 1.8}, ""max_depth"": 5, ""max_features"": 0.5, ""min_samples_leaf"": 2, ""n_estimators"": 400}}, ""preproc"": {""add_missing_indicators"": false, ""clip_high"": 0.995, ""clip_low"": 0.005, ""family"": ""simple"", ""log_perplexity"": true, ""name"": ""simple_005_995_none"", ""scaler"": ""none""}, ""script_version"": ""3_4_2026_expanded_stable05_full_vader_model_family_sweep_v1"", ""target"": ""Depression_label""}",0.48588097088070725,0.3519519021826298,0.03308959101228666,0.6367519014042591,0.625668449197861,/Users/poluidol/Documents/work/airest/airest_perp_research/data_analysis/tmp/model_search_3_4_2026_expanded_stable05_full_vader_model_family_sweep/predictions/pred_Depression_label_0d9c068d3d468e2d72f3637e33ceec016c3852f6.csv
Depression_label,stable_rho_gt_05__full_vader_hist,hist_gradient_boosting,hgb_lr0.03_md3_ln15,simple_005_995_none,82,0.3538601835896045,0.0316240419037996,0.6239571644974198,0.019783354911597145,0.44245478493085716,0.6821368547418969,0.3767072366734074,macro_f1 on repeated_oof_avg (5x10),0.575362261983509,0.5902439024390245,0.4000000000000001,0.6785714285714286,0.7058823529411765,83f70301a3c2f8f990117938f3f74b3d19ac6705,"{""feature_columns"": [""first_order_sentence_tangeniality_mean"", ""first_order_sentence_tangeniality_var"", ""first_person_percentage"", ""first_person_sentiment_negative"", ""first_person_sentiment_negative_vader"", ""first_person_sentiment_overall"", ""first_person_sentiment_overall_vader"", ""first_person_sentiment_positive"", ""first_person_sentiment_positive_vader"", ""mattr_10"", ""mattr_100"", ""mattr_25"", ""mattr_5"", ""mattr_50"", ""mean_pause_variability"", ""mean_phrases_per_turn"", ""mean_pre_turn_pause"", ""mean_pre_word_pause"", ""mean_turn_length_minutes"", ""mean_turn_length_words"", ""num_interrupts"", ""num_one_word_phrases"", ""num_one_word_turns"", ""num_phrases"", ""num_turns"", ""participant_utterance_count"", ""phrase_repeat_percentage"", ""prop_function_words"", ""prop_verb_past"", ""second_order_sentence_tangeniality_mean"", ""second_order_sentence_tangeniality_var"", ""semantic_perplexity_mean"", ""semantic_perplexity_var"", ""sentiment_neg"", ""sentiment_neu"", ""sentiment_overall"", ""sentiment_pos"", ""sentiment_vader_neg"", ""sentiment_vader_neu"", ""sentiment_vader_overall"", ""sentiment_vader_pos"", ""speaker_percentage"", ""speech_length_minutes"", ""speech_length_words"", ""speech_percentage"", ""syllables_per_min"", ""turn_to_previous_speaker_turn_similarity_mean"", ""turn_to_previous_speaker_turn_similarity_slope"", ""turn_to_previous_speaker_turn_similarity_var"", ""turn_to_turn_tangeniality_mean"", ""turn_to_turn_tangeniality_slope"", ""turn_to_turn_tangeniality_var"", ""vader_hist_bin_01"", ""vader_hist_bin_02"", ""vader_hist_bin_03"", ""vader_hist_bin_04"", ""vader_hist_bin_05"", ""vader_hist_bin_06"", ""vader_hist_bin_07"", ""vader_hist_bin_08"", ""vader_hist_bin_09"", ""vader_hist_bin_10"", ""vader_hist_bin_11"", ""vader_hist_bin_12"", ""vader_hist_bin_13"", ""vader_hist_bin_14"", ""vader_hist_bin_15"", ""vader_hist_bin_16"", ""vader_hist_bin_17"", ""vader_hist_bin_18"", ""vader_hist_bin_19"", ""vader_hist_bin_20"", ""vader_hist_bin_21"", ""vader_hist_bin_22"", ""vader_hist_bin_23"", ""vader_hist_entropy"", ""vader_neg_tail_mass"", ""vader_neutral_mass"", ""vader_pos_tail_mass"", ""word_coherence_mean"", ""word_repeat_percentage"", ""words_per_min""], ""feature_group"": ""stable_rho_gt_05__full_vader_hist"", ""model"": {""family"": ""hist_gradient_boosting"", ""kind"": ""histgb"", ""name"": ""hgb_lr0.03_md3_ln15"", ""params"": {""learning_rate"": 0.03, ""max_depth"": 3, ""max_leaf_nodes"": 15, ""min_samples_leaf"": 10}}, ""preproc"": {""add_missing_indicators"": false, ""clip_high"": 0.995, ""clip_low"": 0.005, ""family"": ""simple"", ""log_perplexity"": true, ""name"": ""simple_005_995_none"", ""scaler"": ""none""}, ""script_version"": ""3_4_2026_expanded_stable05_full_vader_model_family_sweep_v1"", ""target"": ""Depression_label""}",0.4889086740435121,0.3538601835896045,0.051407396815396744,0.5828030822112668,0.575362261983509,/Users/poluidol/Documents/work/airest/airest_perp_research/data_analysis/tmp/model_search_3_4_2026_expanded_stable05_full_vader_model_family_sweep/predictions/pred_Depression_label_83f70301a3c2f8f990117938f3f74b3d19ac6705.csv
PTSD_label,stable_rho_gt_05__full_vader_hist,logreg_l2_liblinear,logreg_l2_liblinear_C0.005_cwpos3.2,simple_005_995_maxabs,82,0.5241026403639188,0.011328676783668317,0.6824197531007876,0.012375964618223314,0.5832388955109539,0.7395919984155277,0.5720423927420021,macro_f1 on repeated_oof_avg (5x10),0.7439755267542281,0.7213930348258707,0.6666666666666666,0.7321428571428571,0.8068027210884353,3f285a43f199327be7c8fdac4141520d1241b5ce,"{""feature_columns"": [""first_order_sentence_tangeniality_mean"", ""first_order_sentence_tangeniality_var"", ""first_person_percentage"", ""first_person_sentiment_negative"", ""first_person_sentiment_negative_vader"", ""first_person_sentiment_overall"", ""first_person_sentiment_overall_vader"", ""first_person_sentiment_positive"", ""first_person_sentiment_positive_vader"", ""mattr_10"", ""mattr_100"", ""mattr_25"", ""mattr_5"", ""mattr_50"", ""mean_pause_variability"", ""mean_phrases_per_turn"", ""mean_pre_turn_pause"", ""mean_pre_word_pause"", ""mean_turn_length_minutes"", ""mean_turn_length_words"", ""num_interrupts"", ""num_one_word_phrases"", ""num_one_word_turns"", ""num_phrases"", ""num_turns"", ""participant_utterance_count"", ""phrase_repeat_percentage"", ""prop_function_words"", ""prop_verb_past"", ""second_order_sentence_tangeniality_mean"", ""second_order_sentence_tangeniality_var"", ""semantic_perplexity_mean"", ""semantic_perplexity_var"", ""sentiment_neg"", ""sentiment_neu"", ""sentiment_overall"", ""sentiment_pos"", ""sentiment_vader_neg"", ""sentiment_vader_neu"", ""sentiment_vader_overall"", ""sentiment_vader_pos"", ""speaker_percentage"", ""speech_length_minutes"", ""speech_length_words"", ""speech_percentage"", ""syllables_per_min"", ""turn_to_previous_speaker_turn_similarity_mean"", ""turn_to_previous_speaker_turn_similarity_slope"", ""turn_to_previous_speaker_turn_similarity_var"", ""turn_to_turn_tangeniality_mean"", ""turn_to_turn_tangeniality_slope"", ""turn_to_turn_tangeniality_var"", ""vader_hist_bin_01"", ""vader_hist_bin_02"", ""vader_hist_bin_03"", ""vader_hist_bin_04"", ""vader_hist_bin_05"", ""vader_hist_bin_06"", ""vader_hist_bin_07"", ""vader_hist_bin_08"", ""vader_hist_bin_09"", ""vader_hist_bin_10"", ""vader_hist_bin_11"", ""vader_hist_bin_12"", ""vader_hist_bin_13"", ""vader_hist_bin_14"", ""vader_hist_bin_15"", ""vader_hist_bin_16"", ""vader_hist_bin_17"", ""vader_hist_bin_18"", ""vader_hist_bin_19"", ""vader_hist_bin_20"", ""vader_hist_bin_21"", ""vader_hist_bin_22"", ""vader_hist_bin_23"", ""vader_hist_entropy"", ""vader_neg_tail_mass"", ""vader_neutral_mass"", ""vader_pos_tail_mass"", ""word_coherence_mean"", ""word_repeat_percentage"", ""words_per_min""], ""feature_group"": ""stable_rho_gt_05__full_vader_hist"", ""model"": {""family"": ""logreg_l2_liblinear"", ""kind"": ""logreg"", ""name"": ""logreg_l2_liblinear_C0.005_cwpos3.2"", ""params"": {""C"": 0.005, ""class_weight"": {""0"": 1.0, ""1"": 3.2}, ""max_iter"": 12000, ""penalty"": ""l2"", ""solver"": ""liblinear""}}, ""preproc"": {""add_missing_indicators"": false, ""clip_high"": 0.995, ""clip_low"": 0.005, ""family"": ""simple"", ""log_perplexity"": true, ""name"": ""simple_005_995_maxabs"", ""scaler"": ""maxabs""}, ""script_version"": ""3_4_2026_expanded_stable05_full_vader_model_family_sweep_v1"", ""target"": ""PTSD_label""}",0.6032611967323532,0.5241026403639188,0.02370464140189163,0.7326842807900493,0.7213930348258707,/Users/poluidol/Documents/work/airest/airest_perp_research/data_analysis/tmp/model_search_3_4_2026_expanded_stable05_full_vader_model_family_sweep/predictions/pred_PTSD_label_3f285a43f199327be7c8fdac4141520d1241b5ce.csv
PTSD_label,stable_rho_gt_05__full_vader_hist,logreg_elasticnet_saga,logreg_elasticnet_C0.1_l1r0.5_bal,simple_005_995_maxabs,82,0.4627726504032174,0.008651426605599805,0.6660331763332111,0.003599468410168261,0.5686097808159291,0.7051297286591405,0.5022349083119003,macro_f1 on repeated_oof_avg (5x10),0.7180428759292989,0.7333333333333334,0.6666666666666666,0.75,0.7727891156462585,c14f663dc24f93740107b3678fc9b8bf1d2db48e,"{""feature_columns"": [""first_order_sentence_tangeniality_mean"", ""first_order_sentence_tangeniality_var"", ""first_person_percentage"", ""first_person_sentiment_negative"", ""first_person_sentiment_negative_vader"", ""first_person_sentiment_overall"", ""first_person_sentiment_overall_vader"", ""first_person_sentiment_positive"", ""first_person_sentiment_positive_vader"", ""mattr_10"", ""mattr_100"", ""mattr_25"", ""mattr_5"", ""mattr_50"", ""mean_pause_variability"", ""mean_phrases_per_turn"", ""mean_pre_turn_pause"", ""mean_pre_word_pause"", ""mean_turn_length_minutes"", ""mean_turn_length_words"", ""num_interrupts"", ""num_one_word_phrases"", ""num_one_word_turns"", ""num_phrases"", ""num_turns"", ""participant_utterance_count"", ""phrase_repeat_percentage"", ""prop_function_words"", ""prop_verb_past"", ""second_order_sentence_tangeniality_mean"", ""second_order_sentence_tangeniality_var"", ""semantic_perplexity_mean"", ""semantic_perplexity_var"", ""sentiment_neg"", ""sentiment_neu"", ""sentiment_overall"", ""sentiment_pos"", ""sentiment_vader_neg"", ""sentiment_vader_neu"", ""sentiment_vader_overall"", ""sentiment_vader_pos"", ""speaker_percentage"", ""speech_length_minutes"", ""speech_length_words"", ""speech_percentage"", ""syllables_per_min"", ""turn_to_previous_speaker_turn_similarity_mean"", ""turn_to_previous_speaker_turn_similarity_slope"", ""turn_to_previous_speaker_turn_similarity_var"", ""turn_to_turn_tangeniality_mean"", ""turn_to_turn_tangeniality_slope"", ""turn_to_turn_tangeniality_var"", ""vader_hist_bin_01"", ""vader_hist_bin_02"", ""vader_hist_bin_03"", ""vader_hist_bin_04"", ""vader_hist_bin_05"", ""vader_hist_bin_06"", ""vader_hist_bin_07"", ""vader_hist_bin_08"", ""vader_hist_bin_09"", ""vader_hist_bin_10"", ""vader_hist_bin_11"", ""vader_hist_bin_12"", ""vader_hist_bin_13"", ""vader_hist_bin_14"", ""vader_hist_bin_15"", ""vader_hist_bin_16"", ""vader_hist_bin_17"", ""vader_hist_bin_18"", ""vader_hist_bin_19"", ""vader_hist_bin_20"", ""vader_hist_bin_21"", ""vader_hist_bin_22"", ""vader_hist_bin_23"", ""vader_hist_entropy"", ""vader_neg_tail_mass"", ""vader_neutral_mass"", ""vader_pos_tail_mass"", ""word_coherence_mean"", ""word_repeat_percentage"", ""words_per_min""], ""feature_group"": ""stable_rho_gt_05__full_vader_hist"", ""model"": {""family"": ""logreg_elasticnet_saga"", ""kind"": ""logreg"", ""name"": ""logreg_elasticnet_C0.1_l1r0.5_bal"", ""params"": {""C"": 0.1, ""class_weight"": ""balanced"", ""l1_ratio"": 0.5, ""max_iter"": 12000, ""penalty"": ""elasticnet"", ""solver"": ""saga""}}, ""preproc"": {""add_missing_indicators"": false, ""clip_high"": 0.995, ""clip_low"": 0.005, ""family"": ""simple"", ""log_perplexity"": true, ""name"": ""simple_005_995_maxabs"", ""scaler"": ""maxabs""}, ""script_version"": ""3_4_2026_expanded_stable05_full_vader_model_family_sweep_v1"", ""target"": ""PTSD_label""}",0.5644029133682142,0.4627726504032174,0.012250895015768065,0.7256881046313162,0.7180428759292989,/Users/poluidol/Documents/work/airest/airest_perp_research/data_analysis/tmp/model_search_3_4_2026_expanded_stable05_full_vader_model_family_sweep/predictions/pred_PTSD_label_c14f663dc24f93740107b3678fc9b8bf1d2db48e.csv
PTSD_label,stable_rho_gt_05__full_vader_hist,logreg_l1_liblinear,logreg_l1_liblinear_C0.1_cwpos2.4,simple_005_995_maxabs,82,0.4577499531261521,0.010151635455728251,0.6680620634291745,0.004711808275566162,0.5738291071788101,0.7055456526044761,0.5320833582241159,macro_f1 on repeated_oof_avg (5x10),0.7096150603586262,0.7333333333333334,0.6666666666666666,0.75,0.7687074829931972,5e9fbe310ee0598c6de144b8ed6ed72dc9eba2d0,"{""feature_columns"": [""first_order_sentence_tangeniality_mean"", ""first_order_sentence_tangeniality_var"", ""first_person_percentage"", ""first_person_sentiment_negative"", ""first_person_sentiment_negative_vader"", ""first_person_sentiment_overall"", ""first_person_sentiment_overall_vader"", ""first_person_sentiment_positive"", ""first_person_sentiment_positive_vader"", ""mattr_10"", ""mattr_100"", ""mattr_25"", ""mattr_5"", ""mattr_50"", ""mean_pause_variability"", ""mean_phrases_per_turn"", ""mean_pre_turn_pause"", ""mean_pre_word_pause"", ""mean_turn_length_minutes"", ""mean_turn_length_words"", ""num_interrupts"", ""num_one_word_phrases"", ""num_one_word_turns"", ""num_phrases"", ""num_turns"", ""participant_utterance_count"", ""phrase_repeat_percentage"", ""prop_function_words"", ""prop_verb_past"", ""second_order_sentence_tangeniality_mean"", ""second_order_sentence_tangeniality_var"", ""semantic_perplexity_mean"", ""semantic_perplexity_var"", ""sentiment_neg"", ""sentiment_neu"", ""sentiment_overall"", ""sentiment_pos"", ""sentiment_vader_neg"", ""sentiment_vader_neu"", ""sentiment_vader_overall"", ""sentiment_vader_pos"", ""speaker_percentage"", ""speech_length_minutes"", ""speech_length_words"", ""speech_percentage"", ""syllables_per_min"", ""turn_to_previous_speaker_turn_similarity_mean"", ""turn_to_previous_speaker_turn_similarity_slope"", ""turn_to_previous_speaker_turn_similarity_var"", ""turn_to_turn_tangeniality_mean"", ""turn_to_turn_tangeniality_slope"", ""turn_to_turn_tangeniality_var"", ""vader_hist_bin_01"", ""vader_hist_bin_02"", ""vader_hist_bin_03"", ""vader_hist_bin_04"", ""vader_hist_bin_05"", ""vader_hist_bin_06"", ""vader_hist_bin_07"", ""vader_hist_bin_08"", ""vader_hist_bin_09"", ""vader_hist_bin_10"", ""vader_hist_bin_11"", ""vader_hist_bin_12"", ""vader_hist_bin_13"", ""vader_hist_bin_14"", ""vader_hist_bin_15"", ""vader_hist_bin_16"", ""vader_hist_bin_17"", ""vader_hist_bin_18"", ""vader_hist_bin_19"", ""vader_hist_bin_20"", ""vader_hist_bin_21"", ""vader_hist_bin_22"", ""vader_hist_bin_23"", ""vader_hist_entropy"", ""vader_neg_tail_mass"", ""vader_neutral_mass"", ""vader_pos_tail_mass"", ""word_coherence_mean"", ""word_repeat_percentage"", ""words_per_min""], ""feature_group"": ""stable_rho_gt_05__full_vader_hist"", ""model"": {""family"": ""logreg_l1_liblinear"", ""kind"": ""logreg"", ""name"": ""logreg_l1_liblinear_C0.1_cwpos2.4"", ""params"": {""C"": 0.1, ""class_weight"": {""0"": 1.0, ""1"": 2.4}, ""max_iter"": 12000, ""penalty"": ""l1"", ""solver"": ""liblinear""}}, ""preproc"": {""add_missing_indicators"": false, ""clip_high"": 0.995, ""clip_low"": 0.005, ""family"": ""simple"", ""log_perplexity"": true, ""name"": ""simple_005_995_maxabs"", ""scaler"": ""maxabs""}, ""script_version"": ""3_4_2026_expanded_stable05_full_vader_model_family_sweep_v1"", ""target"": ""PTSD_label""}",0.5629060082776634,0.4577499531261521,0.014863443731294414,0.7214741968459798,0.7096150603586262,/Users/poluidol/Documents/work/airest/airest_perp_research/data_analysis/tmp/model_search_3_4_2026_expanded_stable05_full_vader_model_family_sweep/predictions/pred_PTSD_label_5e9fbe310ee0598c6de144b8ed6ed72dc9eba2d0.csv
PTSD_label,stable_rho_gt_05__full_vader_hist,logreg_l2_lbfgs,logreg_l2_lbfgs_C0.005_cwpos2.4,simple_005_995_standard,82,0.5027944064129674,0.018279187409607836,0.653902577913458,0.0125521514530243,0.5323376537901192,0.7240146563675974,0.51349963225754,macro_f1 on repeated_oof_avg (5x10),0.6587218129120469,0.729990356798457,0.7058823529411764,0.7321428571428571,0.7755102040816326,4db05a57b690bdbdfd6ce8f5fd19b316ad9cf387,"{""feature_columns"": [""first_order_sentence_tangeniality_mean"", ""first_order_sentence_tangeniality_var"", ""first_person_percentage"", ""first_person_sentiment_negative"", ""first_person_sentiment_negative_vader"", ""first_person_sentiment_overall"", ""first_person_sentiment_overall_vader"", ""first_person_sentiment_positive"", ""first_person_sentiment_positive_vader"", ""mattr_10"", ""mattr_100"", ""mattr_25"", ""mattr_5"", ""mattr_50"", ""mean_pause_variability"", ""mean_phrases_per_turn"", ""mean_pre_turn_pause"", ""mean_pre_word_pause"", ""mean_turn_length_minutes"", ""mean_turn_length_words"", ""num_interrupts"", ""num_one_word_phrases"", ""num_one_word_turns"", ""num_phrases"", ""num_turns"", ""participant_utterance_count"", ""phrase_repeat_percentage"", ""prop_function_words"", ""prop_verb_past"", ""second_order_sentence_tangeniality_mean"", ""second_order_sentence_tangeniality_var"", ""semantic_perplexity_mean"", ""semantic_perplexity_var"", ""sentiment_neg"", ""sentiment_neu"", ""sentiment_overall"", ""sentiment_pos"", ""sentiment_vader_neg"", ""sentiment_vader_neu"", ""sentiment_vader_overall"", ""sentiment_vader_pos"", ""speaker_percentage"", ""speech_length_minutes"", ""speech_length_words"", ""speech_percentage"", ""syllables_per_min"", ""turn_to_previous_speaker_turn_similarity_mean"", ""turn_to_previous_speaker_turn_similarity_slope"", ""turn_to_previous_speaker_turn_similarity_var"", ""turn_to_turn_tangeniality_mean"", ""turn_to_turn_tangeniality_slope"", ""turn_to_turn_tangeniality_var"", ""vader_hist_bin_01"", ""vader_hist_bin_02"", ""vader_hist_bin_03"", ""vader_hist_bin_04"", ""vader_hist_bin_05"", ""vader_hist_bin_06"", ""vader_hist_bin_07"", ""vader_hist_bin_08"", ""vader_hist_bin_09"", ""vader_hist_bin_10"", ""vader_hist_bin_11"", ""vader_hist_bin_12"", ""vader_hist_bin_13"", ""vader_hist_bin_14"", ""vader_hist_bin_15"", ""vader_hist_bin_16"", ""vader_hist_bin_17"", ""vader_hist_bin_18"", ""vader_hist_bin_19"", ""vader_hist_bin_20"", ""vader_hist_bin_21"", ""vader_hist_bin_22"", ""vader_hist_bin_23"", ""vader_hist_entropy"", ""vader_neg_tail_mass"", ""vader_neutral_mass"", ""vader_pos_tail_mass"", ""word_coherence_mean"", ""word_repeat_percentage"", ""words_per_min""], ""feature_group"": ""stable_rho_gt_05__full_vader_hist"", ""model"": {""family"": ""logreg_l2_lbfgs"", ""kind"": ""logreg"", ""name"": ""logreg_l2_lbfgs_C0.005_cwpos2.4"", ""params"": {""C"": 0.005, ""class_weight"": {""0"": 1.0, ""1"": 2.4}, ""max_iter"": 12000, ""penalty"": ""l2"", ""solver"": ""lbfgs""}}, ""preproc"": {""add_missing_indicators"": false, ""clip_high"": 0.995, ""clip_low"": 0.005, ""family"": ""simple"", ""log_perplexity"": true, ""name"": ""simple_005_995_standard"", ""scaler"": ""standard""}, ""script_version"": ""3_4_2026_expanded_stable05_full_vader_model_family_sweep_v1"", ""target"": ""PTSD_label""}",0.5783484921632127,0.5027944064129674,0.030831338862632136,0.6943560848552519,0.6587218129120469,/Users/poluidol/Documents/work/airest/airest_perp_research/data_analysis/tmp/model_search_3_4_2026_expanded_stable05_full_vader_model_family_sweep/predictions/pred_PTSD_label_4db05a57b690bdbdfd6ce8f5fd19b316ad9cf387.csv
PTSD_label,stable_rho_gt_05__full_vader_hist,xgboost,xgb_lr0.03_md2_spw1.0,simple_005_995_none,82,0.45485247473651536,0.018872293217086663,0.6435805006817666,0.01480627284794117,0.56201408909279,0.6985541691424044,0.281175031863153,macro_f1 on repeated_oof_avg (5x10),0.6041410404236345,0.7417654808959158,0.6956521739130435,0.75,0.7768707482993198,ab0005560a5f68c722065b8a4f5fe2e4948bd5a2,"{""feature_columns"": [""first_order_sentence_tangeniality_mean"", ""first_order_sentence_tangeniality_var"", ""first_person_percentage"", ""first_person_sentiment_negative"", ""first_person_sentiment_negative_vader"", ""first_person_sentiment_overall"", ""first_person_sentiment_overall_vader"", ""first_person_sentiment_positive"", ""first_person_sentiment_positive_vader"", ""mattr_10"", ""mattr_100"", ""mattr_25"", ""mattr_5"", ""mattr_50"", ""mean_pause_variability"", ""mean_phrases_per_turn"", ""mean_pre_turn_pause"", ""mean_pre_word_pause"", ""mean_turn_length_minutes"", ""mean_turn_length_words"", ""num_interrupts"", ""num_one_word_phrases"", ""num_one_word_turns"", ""num_phrases"", ""num_turns"", ""participant_utterance_count"", ""phrase_repeat_percentage"", ""prop_function_words"", ""prop_verb_past"", ""second_order_sentence_tangeniality_mean"", ""second_order_sentence_tangeniality_var"", ""semantic_perplexity_mean"", ""semantic_perplexity_var"", ""sentiment_neg"", ""sentiment_neu"", ""sentiment_overall"", ""sentiment_pos"", ""sentiment_vader_neg"", ""sentiment_vader_neu"", ""sentiment_vader_overall"", ""sentiment_vader_pos"", ""speaker_percentage"", ""speech_length_minutes"", ""speech_length_words"", ""speech_percentage"", ""syllables_per_min"", ""turn_to_previous_speaker_turn_similarity_mean"", ""turn_to_previous_speaker_turn_similarity_slope"", ""turn_to_previous_speaker_turn_similarity_var"", ""turn_to_turn_tangeniality_mean"", ""turn_to_turn_tangeniality_slope"", ""turn_to_turn_tangeniality_var"", ""vader_hist_bin_01"", ""vader_hist_bin_02"", ""vader_hist_bin_03"", ""vader_hist_bin_04"", ""vader_hist_bin_05"", ""vader_hist_bin_06"", ""vader_hist_bin_07"", ""vader_hist_bin_08"", ""vader_hist_bin_09"", ""vader_hist_bin_10"", ""vader_hist_bin_11"", ""vader_hist_bin_12"", ""vader_hist_bin_13"", ""vader_hist_bin_14"", ""vader_hist_bin_15"", ""vader_hist_bin_16"", ""vader_hist_bin_17"", ""vader_hist_bin_18"", ""vader_hist_bin_19"", ""vader_hist_bin_20"", ""vader_hist_bin_21"", ""vader_hist_bin_22"", ""vader_hist_bin_23"", ""vader_hist_entropy"", ""vader_neg_tail_mass"", ""vader_neutral_mass"", ""vader_pos_tail_mass"", ""word_coherence_mean"", ""word_repeat_percentage"", ""words_per_min""], ""feature_group"": ""stable_rho_gt_05__full_vader_hist"", ""model"": {""family"": ""xgboost"", ""kind"": ""xgb"", ""name"": ""xgb_lr0.03_md2_spw1.0"", ""params"": {""colsample_bytree"": 0.8, ""eval_metric"": ""logloss"", ""learning_rate"": 0.03, ""max_depth"": 2, ""min_child_weight"": 1.0, ""n_estimators"": 300, ""objective"": ""binary:logistic"", ""reg_lambda"": 1.0, ""scale_pos_weight"": 1.0, ""subsample"": 0.8}}, ""preproc"": {""add_missing_indicators"": false, ""clip_high"": 0.995, ""clip_low"": 0.005, ""family"": ""simple"", ""log_perplexity"": true, ""name"": ""simple_005_995_none"", ""scaler"": ""none""}, ""script_version"": ""3_4_2026_expanded_stable05_full_vader_model_family_sweep_v1"", ""target"": ""PTSD_label""}",0.549216487709141,0.45485247473651536,0.03367856606502783,0.6729532606597751,0.6041410404236345,/Users/poluidol/Documents/work/airest/airest_perp_research/data_analysis/tmp/model_search_3_4_2026_expanded_stable05_full_vader_model_family_sweep/predictions/pred_PTSD_label_ab0005560a5f68c722065b8a4f5fe2e4948bd5a2.csv
PTSD_label,stable_rho_gt_05__full_vader_hist,hist_gradient_boosting,hgb_lr0.03_md3_ln15,simple_005_995_none,82,0.4618616730037498,0.024171475928383684,0.6468501899089337,0.0168865749272683,0.5442868834098028,0.6970786294315706,0.23523816446906387,macro_f1 on repeated_oof_avg (5x10),0.6295833148414971,0.7083333333333333,0.6666666666666666,0.7142857142857143,0.7673469387755101,6e1b846d941e942c22e6a73a9a570608ea5a7522,"{""feature_columns"": [""first_order_sentence_tangeniality_mean"", ""first_order_sentence_tangeniality_var"", ""first_person_percentage"", ""first_person_sentiment_negative"", ""first_person_sentiment_negative_vader"", ""first_person_sentiment_overall"", ""first_person_sentiment_overall_vader"", ""first_person_sentiment_positive"", ""first_person_sentiment_positive_vader"", ""mattr_10"", ""mattr_100"", ""mattr_25"", ""mattr_5"", ""mattr_50"", ""mean_pause_variability"", ""mean_phrases_per_turn"", ""mean_pre_turn_pause"", ""mean_pre_word_pause"", ""mean_turn_length_minutes"", ""mean_turn_length_words"", ""num_interrupts"", ""num_one_word_phrases"", ""num_one_word_turns"", ""num_phrases"", ""num_turns"", ""participant_utterance_count"", ""phrase_repeat_percentage"", ""prop_function_words"", ""prop_verb_past"", ""second_order_sentence_tangeniality_mean"", ""second_order_sentence_tangeniality_var"", ""semantic_perplexity_mean"", ""semantic_perplexity_var"", ""sentiment_neg"", ""sentiment_neu"", ""sentiment_overall"", ""sentiment_pos"", ""sentiment_vader_neg"", ""sentiment_vader_neu"", ""sentiment_vader_overall"", ""sentiment_vader_pos"", ""speaker_percentage"", ""speech_length_minutes"", ""speech_length_words"", ""speech_percentage"", ""syllables_per_min"", ""turn_to_previous_speaker_turn_similarity_mean"", ""turn_to_previous_speaker_turn_similarity_slope"", ""turn_to_previous_speaker_turn_similarity_var"", ""turn_to_turn_tangeniality_mean"", ""turn_to_turn_tangeniality_slope"", ""turn_to_turn_tangeniality_var"", ""vader_hist_bin_01"", ""vader_hist_bin_02"", ""vader_hist_bin_03"", ""vader_hist_bin_04"", ""vader_hist_bin_05"", ""vader_hist_bin_06"", ""vader_hist_bin_07"", ""vader_hist_bin_08"", ""vader_hist_bin_09"", ""vader_hist_bin_10"", ""vader_hist_bin_11"", ""vader_hist_bin_12"", ""vader_hist_bin_13"", ""vader_hist_bin_14"", ""vader_hist_bin_15"", ""vader_hist_bin_16"", ""vader_hist_bin_17"", ""vader_hist_bin_18"", ""vader_hist_bin_19"", ""vader_hist_bin_20"", ""vader_hist_bin_21"", ""vader_hist_bin_22"", ""vader_hist_bin_23"", ""vader_hist_entropy"", ""vader_neg_tail_mass"", ""vader_neutral_mass"", ""vader_pos_tail_mass"", ""word_coherence_mean"", ""word_repeat_percentage"", ""words_per_min""], ""feature_group"": ""stable_rho_gt_05__full_vader_hist"", ""model"": {""family"": ""hist_gradient_boosting"", ""kind"": ""histgb"", ""name"": ""hgb_lr0.03_md3_ln15"", ""params"": {""learning_rate"": 0.03, ""max_depth"": 3, ""max_leaf_nodes"": 15, ""min_samples_leaf"": 10}}, ""preproc"": {""add_missing_indicators"": false, ""clip_high"": 0.995, ""clip_low"": 0.005, ""family"": ""simple"", ""log_perplexity"": true, ""name"": ""simple_005_995_none"", ""scaler"": ""none""}, ""script_version"": ""3_4_2026_expanded_stable05_full_vader_model_family_sweep_v1"", ""target"": ""PTSD_label""}",0.5543559314563418,0.4618616730037498,0.04105805085565198,0.6689583240874152,0.6295833148414971,/Users/poluidol/Documents/work/airest/airest_perp_research/data_analysis/tmp/model_search_3_4_2026_expanded_stable05_full_vader_model_family_sweep/predictions/pred_PTSD_label_6e1b846d941e942c22e6a73a9a570608ea5a7522.csv
PTSD_label,stable_rho_gt_05__full_vader_hist,random_forest,rf_md5_ml2_mf0.5_cwpos2.4,simple_005_995_none,82,0.5012889621537473,0.019265316642046715,0.6527636107192435,0.008033114344176745,0.5623862093804807,0.728817587641117,0.3905832076098559,macro_f1 on repeated_oof_avg (5x10),0.6169229781106946,0.6952380952380952,0.6190476190476191,0.7142857142857143,0.7387755102040816,e0d9e0871d0fd73aaa893727ddeebf0d11f7c99f,"{""feature_columns"": [""first_order_sentence_tangeniality_mean"", ""first_order_sentence_tangeniality_var"", ""first_person_percentage"", ""first_person_sentiment_negative"", ""first_person_sentiment_negative_vader"", ""first_person_sentiment_overall"", ""first_person_sentiment_overall_vader"", ""first_person_sentiment_positive"", ""first_person_sentiment_positive_vader"", ""mattr_10"", ""mattr_100"", ""mattr_25"", ""mattr_5"", ""mattr_50"", ""mean_pause_variability"", ""mean_phrases_per_turn"", ""mean_pre_turn_pause"", ""mean_pre_word_pause"", ""mean_turn_length_minutes"", ""mean_turn_length_words"", ""num_interrupts"", ""num_one_word_phrases"", ""num_one_word_turns"", ""num_phrases"", ""num_turns"", ""participant_utterance_count"", ""phrase_repeat_percentage"", ""prop_function_words"", ""prop_verb_past"", ""second_order_sentence_tangeniality_mean"", ""second_order_sentence_tangeniality_var"", ""semantic_perplexity_mean"", ""semantic_perplexity_var"", ""sentiment_neg"", ""sentiment_neu"", ""sentiment_overall"", ""sentiment_pos"", ""sentiment_vader_neg"", ""sentiment_vader_neu"", ""sentiment_vader_overall"", ""sentiment_vader_pos"", ""speaker_percentage"", ""speech_length_minutes"", ""speech_length_words"", ""speech_percentage"", ""syllables_per_min"", ""turn_to_previous_speaker_turn_similarity_mean"", ""turn_to_previous_speaker_turn_similarity_slope"", ""turn_to_previous_speaker_turn_similarity_var"", ""turn_to_turn_tangeniality_mean"", ""turn_to_turn_tangeniality_slope"", ""turn_to_turn_tangeniality_var"", ""vader_hist_bin_01"", ""vader_hist_bin_02"", ""vader_hist_bin_03"", ""vader_hist_bin_04"", ""vader_hist_bin_05"", ""vader_hist_bin_06"", ""vader_hist_bin_07"", ""vader_hist_bin_08"", ""vader_hist_bin_09"", ""vader_hist_bin_10"", ""vader_hist_bin_11"", ""vader_hist_bin_12"", ""vader_hist_bin_13"", ""vader_hist_bin_14"", ""vader_hist_bin_15"", ""vader_hist_bin_16"", ""vader_hist_bin_17"", ""vader_hist_bin_18"", ""vader_hist_bin_19"", ""vader_hist_bin_20"", ""vader_hist_bin_21"", ""vader_hist_bin_22"", ""vader_hist_bin_23"", ""vader_hist_entropy"", ""vader_neg_tail_mass"", ""vader_neutral_mass"", ""vader_pos_tail_mass"", ""word_coherence_mean"", ""word_repeat_percentage"", ""words_per_min""], ""feature_group"": ""stable_rho_gt_05__full_vader_hist"", ""model"": {""family"": ""random_forest"", ""kind"": ""rf"", ""name"": ""rf_md5_ml2_mf0.5_cwpos2.4"", ""params"": {""class_weight"": {""0"": 1.0, ""1"": 2.4}, ""max_depth"": 5, ""max_features"": 0.5, ""min_samples_leaf"": 2, ""n_estimators"": 400}}, ""preproc"": {""add_missing_indicators"": false, ""clip_high"": 0.995, ""clip_low"": 0.005, ""family"": ""simple"", ""log_perplexity"": true, ""name"": ""simple_005_995_none"", ""scaler"": ""none""}, ""script_version"": ""3_4_2026_expanded_stable05_full_vader_model_family_sweep_v1"", ""target"": ""PTSD_label""}",0.5770262864364955,0.5012889621537473,0.027298430986223463,0.6560805366743949,0.6169229781106946,/Users/poluidol/Documents/work/airest/airest_perp_research/data_analysis/tmp/model_search_3_4_2026_expanded_stable05_full_vader_model_family_sweep/predictions/pred_PTSD_label_e0d9e0871d0fd73aaa893727ddeebf0d11f7c99f.csv
PTSD_label,stable_rho_gt_05__full_vader_hist,extra_trees,et_mdNone_ml1_mfsqrt_bal,simple_005_995_none,82,0.4905841172593989,0.016759897011945895,0.6636184962231875,0.009972710473264349,0.5815372022406851,0.7324123588829471,0.296175,macro_f1 on repeated_oof_avg (5x10),0.654022205737131,0.6579877852780457,0.6274509803921569,0.6607142857142857,0.7428571428571429,79c0047afd76ef4bbf6ba27b266072097e4b2a84,"{""feature_columns"": [""first_order_sentence_tangeniality_mean"", ""first_order_sentence_tangeniality_var"", ""first_person_percentage"", ""first_person_sentiment_negative"", ""first_person_sentiment_negative_vader"", ""first_person_sentiment_overall"", ""first_person_sentiment_overall_vader"", ""first_person_sentiment_positive"", ""first_person_sentiment_positive_vader"", ""mattr_10"", ""mattr_100"", ""mattr_25"", ""mattr_5"", ""mattr_50"", ""mean_pause_variability"", ""mean_phrases_per_turn"", ""mean_pre_turn_pause"", ""mean_pre_word_pause"", ""mean_turn_length_minutes"", ""mean_turn_length_words"", ""num_interrupts"", ""num_one_word_phrases"", ""num_one_word_turns"", ""num_phrases"", ""num_turns"", ""participant_utterance_count"", ""phrase_repeat_percentage"", ""prop_function_words"", ""prop_verb_past"", ""second_order_sentence_tangeniality_mean"", ""second_order_sentence_tangeniality_var"", ""semantic_perplexity_mean"", ""semantic_perplexity_var"", ""sentiment_neg"", ""sentiment_neu"", ""sentiment_overall"", ""sentiment_pos"", ""sentiment_vader_neg"", ""sentiment_vader_neu"", ""sentiment_vader_overall"", ""sentiment_vader_pos"", ""speaker_percentage"", ""speech_length_minutes"", ""speech_length_words"", ""speech_percentage"", ""syllables_per_min"", ""turn_to_previous_speaker_turn_similarity_mean"", ""turn_to_previous_speaker_turn_similarity_slope"", ""turn_to_previous_speaker_turn_similarity_var"", ""turn_to_turn_tangeniality_mean"", ""turn_to_turn_tangeniality_slope"", ""turn_to_turn_tangeniality_var"", ""vader_hist_bin_01"", ""vader_hist_bin_02"", ""vader_hist_bin_03"", ""vader_hist_bin_04"", ""vader_hist_bin_05"", ""vader_hist_bin_06"", ""vader_hist_bin_07"", ""vader_hist_bin_08"", ""vader_hist_bin_09"", ""vader_hist_bin_10"", ""vader_hist_bin_11"", ""vader_hist_bin_12"", ""vader_hist_bin_13"", ""vader_hist_bin_14"", ""vader_hist_bin_15"", ""vader_hist_bin_16"", ""vader_hist_bin_17"", ""vader_hist_bin_18"", ""vader_hist_bin_19"", ""vader_hist_bin_20"", ""vader_hist_bin_21"", ""vader_hist_bin_22"", ""vader_hist_bin_23"", ""vader_hist_entropy"", ""vader_neg_tail_mass"", ""vader_neutral_mass"", ""vader_pos_tail_mass"", ""word_coherence_mean"", ""word_repeat_percentage"", ""words_per_min""], ""feature_group"": ""stable_rho_gt_05__full_vader_hist"", ""model"": {""family"": ""extra_trees"", ""kind"": ""et"", ""name"": ""et_mdNone_ml1_mfsqrt_bal"", ""params"": {""class_weight"": ""balanced"", ""max_depth"": null, ""max_features"": ""sqrt"", ""min_samples_leaf"": 1, ""n_estimators"": 400}}, ""preproc"": {""add_missing_indicators"": false, ""clip_high"": 0.995, ""clip_low"": 0.005, ""family"": ""simple"", ""log_perplexity"": true, ""name"": ""simple_005_995_none"", ""scaler"": ""none""}, ""script_version"": ""3_4_2026_expanded_stable05_full_vader_model_family_sweep_v1"", ""target"": ""PTSD_label""}",0.5771013067412931,0.4905841172593989,0.026732607485210245,0.6560049955075884,0.654022205737131,/Users/poluidol/Documents/work/airest/airest_perp_research/data_analysis/tmp/model_search_3_4_2026_expanded_stable05_full_vader_model_family_sweep/predictions/pred_PTSD_label_79c0047afd76ef4bbf6ba27b266072097e4b2a84.csv
PTSD_label,stable_rho_gt_05__full_vader_hist,svc_linear,svc_linear_C0.01_bal,simple_005_995_standard,82,0.4668878691219641,0.016838006742013342,0.6334535697591758,0.012976264817915039,0.5200065610735065,0.6887403446226975,0.363835413230685,macro_f1 on repeated_oof_avg (5x10),0.5815885441825291,0.7168857431749242,0.6511627906976744,0.7321428571428571,0.746938775510204,5426718a3f3898bfeae5d3c9aef7b1ee08140b13,"{""feature_columns"": [""first_order_sentence_tangeniality_mean"", ""first_order_sentence_tangeniality_var"", ""first_person_percentage"", ""first_person_sentiment_negative"", ""first_person_sentiment_negative_vader"", ""first_person_sentiment_overall"", ""first_person_sentiment_overall_vader"", ""first_person_sentiment_positive"", ""first_person_sentiment_positive_vader"", ""mattr_10"", ""mattr_100"", ""mattr_25"", ""mattr_5"", ""mattr_50"", ""mean_pause_variability"", ""mean_phrases_per_turn"", ""mean_pre_turn_pause"", ""mean_pre_word_pause"", ""mean_turn_length_minutes"", ""mean_turn_length_words"", ""num_interrupts"", ""num_one_word_phrases"", ""num_one_word_turns"", ""num_phrases"", ""num_turns"", ""participant_utterance_count"", ""phrase_repeat_percentage"", ""prop_function_words"", ""prop_verb_past"", ""second_order_sentence_tangeniality_mean"", ""second_order_sentence_tangeniality_var"", ""semantic_perplexity_mean"", ""semantic_perplexity_var"", ""sentiment_neg"", ""sentiment_neu"", ""sentiment_overall"", ""sentiment_pos"", ""sentiment_vader_neg"", ""sentiment_vader_neu"", ""sentiment_vader_overall"", ""sentiment_vader_pos"", ""speaker_percentage"", ""speech_length_minutes"", ""speech_length_words"", ""speech_percentage"", ""syllables_per_min"", ""turn_to_previous_speaker_turn_similarity_mean"", ""turn_to_previous_speaker_turn_similarity_slope"", ""turn_to_previous_speaker_turn_similarity_var"", ""turn_to_turn_tangeniality_mean"", ""turn_to_turn_tangeniality_slope"", ""turn_to_turn_tangeniality_var"", ""vader_hist_bin_01"", ""vader_hist_bin_02"", ""vader_hist_bin_03"", ""vader_hist_bin_04"", ""vader_hist_bin_05"", ""vader_hist_bin_06"", ""vader_hist_bin_07"", ""vader_hist_bin_08"", ""vader_hist_bin_09"", ""vader_hist_bin_10"", ""vader_hist_bin_11"", ""vader_hist_bin_12"", ""vader_hist_bin_13"", ""vader_hist_bin_14"", ""vader_hist_bin_15"", ""vader_hist_bin_16"", ""vader_hist_bin_17"", ""vader_hist_bin_18"", ""vader_hist_bin_19"", ""vader_hist_bin_20"", ""vader_hist_bin_21"", ""vader_hist_bin_22"", ""vader_hist_bin_23"", ""vader_hist_entropy"", ""vader_neg_tail_mass"", ""vader_neutral_mass"", ""vader_pos_tail_mass"", ""word_coherence_mean"", ""word_repeat_percentage"", ""words_per_min""], ""feature_group"": ""stable_rho_gt_05__full_vader_hist"", ""model"": {""family"": ""svc_linear"", ""kind"": ""svc_linear"", ""name"": ""svc_linear_C0.01_bal"", ""params"": {""C"": 0.01, ""class_weight"": ""balanced"", ""kernel"": ""linear"", ""probability"": true}}, ""preproc"": {""add_missing_indicators"": false, ""clip_high"": 0.995, ""clip_low"": 0.005, ""family"": ""simple"", ""log_perplexity"": true, ""name"": ""simple_005_995_standard"", ""scaler"": ""standard""}, ""script_version"": ""3_4_2026_expanded_stable05_full_vader_model_family_sweep_v1"", ""target"": ""PTSD_label""}",0.5501707194405699,0.4668878691219641,0.02981427155992838,0.6492371436787266,0.5815885441825291,/Users/poluidol/Documents/work/airest/airest_perp_research/data_analysis/tmp/model_search_3_4_2026_expanded_stable05_full_vader_model_family_sweep/predictions/pred_PTSD_label_5426718a3f3898bfeae5d3c9aef7b1ee08140b13.csv
PTSD_label,stable_rho_gt_05__full_vader_hist,lda,lda_lsqr_auto,simple_005_995_standard,82,0.4475768619682242,0.022766228062268076,0.6118092928469919,0.01174264457716348,0.46916081068908655,0.6607447019211725,0.23450916337311425,macro_f1 on repeated_oof_avg (5x10),0.518733702265694,0.7083333333333333,0.6666666666666666,0.7142857142857143,0.7183673469387755,7780a3757a7f2eed5dae07365105a2a0ecb39168,"{""feature_columns"": [""first_order_sentence_tangeniality_mean"", ""first_order_sentence_tangeniality_var"", ""first_person_percentage"", ""first_person_sentiment_negative"", ""first_person_sentiment_negative_vader"", ""first_person_sentiment_overall"", ""first_person_sentiment_overall_vader"", ""first_person_sentiment_positive"", ""first_person_sentiment_positive_vader"", ""mattr_10"", ""mattr_100"", ""mattr_25"", ""mattr_5"", ""mattr_50"", ""mean_pause_variability"", ""mean_phrases_per_turn"", ""mean_pre_turn_pause"", ""mean_pre_word_pause"", ""mean_turn_length_minutes"", ""mean_turn_length_words"", ""num_interrupts"", ""num_one_word_phrases"", ""num_one_word_turns"", ""num_phrases"", ""num_turns"", ""participant_utterance_count"", ""phrase_repeat_percentage"", ""prop_function_words"", ""prop_verb_past"", ""second_order_sentence_tangeniality_mean"", ""second_order_sentence_tangeniality_var"", ""semantic_perplexity_mean"", ""semantic_perplexity_var"", ""sentiment_neg"", ""sentiment_neu"", ""sentiment_overall"", ""sentiment_pos"", ""sentiment_vader_neg"", ""sentiment_vader_neu"", ""sentiment_vader_overall"", ""sentiment_vader_pos"", ""speaker_percentage"", ""speech_length_minutes"", ""speech_length_words"", ""speech_percentage"", ""syllables_per_min"", ""turn_to_previous_speaker_turn_similarity_mean"", ""turn_to_previous_speaker_turn_similarity_slope"", ""turn_to_previous_speaker_turn_similarity_var"", ""turn_to_turn_tangeniality_mean"", ""turn_to_turn_tangeniality_slope"", ""turn_to_turn_tangeniality_var"", ""vader_hist_bin_01"", ""vader_hist_bin_02"", ""vader_hist_bin_03"", ""vader_hist_bin_04"", ""vader_hist_bin_05"", ""vader_hist_bin_06"", ""vader_hist_bin_07"", ""vader_hist_bin_08"", ""vader_hist_bin_09"", ""vader_hist_bin_10"", ""vader_hist_bin_11"", ""vader_hist_bin_12"", ""vader_hist_bin_13"", ""vader_hist_bin_14"", ""vader_hist_bin_15"", ""vader_hist_bin_16"", ""vader_hist_bin_17"", ""vader_hist_bin_18"", ""vader_hist_bin_19"", ""vader_hist_bin_20"", ""vader_hist_bin_21"", ""vader_hist_bin_22"", ""vader_hist_bin_23"", ""vader_hist_entropy"", ""vader_neg_tail_mass"", ""vader_neutral_mass"", ""vader_pos_tail_mass"", ""word_coherence_mean"", ""word_repeat_percentage"", ""words_per_min""], ""feature_group"": ""stable_rho_gt_05__full_vader_hist"", ""model"": {""family"": ""lda"", ""kind"": ""lda"", ""name"": ""lda_lsqr_auto"", ""params"": {""shrinkage"": ""auto"", ""solver"": ""lsqr""}}, ""preproc"": {""add_missing_indicators"": false, ""clip_high"": 0.995, ""clip_low"": 0.005, ""family"": ""simple"", ""log_perplexity"": true, ""name"": ""simple_005_995_standard"", ""scaler"": ""standard""}, ""script_version"": ""3_4_2026_expanded_stable05_full_vader_model_family_sweep_v1"", ""target"": ""PTSD_label""}",0.5296930774076081,0.4475768619682242,0.03450887263943156,0.6135335177995136,0.518733702265694,/Users/poluidol/Documents/work/airest/airest_perp_research/data_analysis/tmp/model_search_3_4_2026_expanded_stable05_full_vader_model_family_sweep/predictions/pred_PTSD_label_7780a3757a7f2eed5dae07365105a2a0ecb39168.csv
